ERROR_TYPE,COUNT,PERCENTAGE
True Negative: Skipped host (127.0.0.1),1007,50.38%
True Negative: Skipped host (example.com),47,2.35%
True Negative: Skipped host (localhost),39,1.95%
"True Negative: Dead Domain (HTTPSConnectionPool(host='forgai.io', port=443): Max retries exceeded with url: /nfa/metadata/1 (Caused by NameResolutio)",24,1.2%
"True Negative: Dead Domain (HTTPSConnectionPool(host='api.dingdong.game', port=443): Max retries exceeded with url: /nft/metadata/1 (Caused by NameR)",18,0.9%
"True Negative: Dead Domain (HTTPConnectionPool(host='mintnft.kabosu.world', port=80): Max retries exceeded with url: /nft/json/ (Caused by NameResol)",12,0.6%
"True Negative: Dead Domain (HTTPSConnectionPool(host='api.icw.gift', port=443): Max retries exceeded with url: /metadata/0000030000000001.json (Caus)",12,0.6%
"True Negative: Dead Domain (HTTPSConnectionPool(host='armadex.pages.dev', port=443): Max retries exceeded with url: /nft/collection.json (Caused by )",12,0.6%
"True Negative: Dead Domain (HTTPSConnectionPool(host='oss.aimallx.app', port=443): Max retries exceeded with url: /nft/0/contract.json (Caused by Na)",9,0.45%
"True Negative: Dead Domain (HTTPSConnectionPool(host='ghlenvxgqyjytgfpzuuh.supabase.co', port=443): Max retries exceeded with url: /storage/v1/objec)",9,0.45%
"True Negative: Dead Domain (HTTPSConnectionPool(host='fckqnmehuebqmevkicgz.supabase.co', port=443): Max retries exceeded with url: /storage/v1/objec)",9,0.45%
"True Negative: Dead Domain (HTTPSConnectionPool(host='sosalkaprivet.pages.dev', port=443): Max retries exceeded with url: /nft/collection.json (Caus)",9,0.45%
"True Negative: Dead Domain (HTTPSConnectionPool(host='api.bnb.predict.fun', port=443): Max retries exceeded with url: /v1/market-outcome/ (Caused by)",9,0.45%
"True Negative: Dead Domain (HTTPSConnectionPool(host='lab.rwanftfi.com', port=443): Max retries exceeded with url: /v1/nft/info-blockchain/Voucher/1)",6,0.3%
"True Negative: Dead Domain (HTTPSConnectionPool(host='lab.rwanftfi.com', port=443): Max retries exceeded with url: /v1/nft/info-blockchain/Gift/2/me)",6,0.3%
"True Negative: Dead Domain (HTTPSConnectionPool(host='lab.rwanftfi.com', port=443): Max retries exceeded with url: /v1/nft/info-blockchain/Base/1/me)",6,0.3%
"True Negative: Dead Domain (HTTPSConnectionPool(host='oss.aimallx.app', port=443): Max retries exceeded with url: /nft/1/contract.json (Caused by Na)",6,0.3%
"True Negative: Dead Domain (HTTPSConnectionPool(host='oss.aimallx.app', port=443): Max retries exceeded with url: /nft/2/contract.json (Caused by Na)",6,0.3%
"True Negative: Dead Domain (HTTPSConnectionPool(host='oss.aimallx.app', port=443): Max retries exceeded with url: /nft/3/contract.json (Caused by Na)",6,0.3%
True Negative: Skipped host (api.example.com),6,0.3%
"True Negative: Dead Domain (HTTPSConnectionPool(host='fckqnmehuebqmevkicgz.supabase.co', port=443): Max retries exceeded with url: /functions/v1/sec)",6,0.3%
True Negative: Skipped host (placeholder-uri),6,0.3%
"True Negative: Dead Domain (HTTPSConnectionPool(host='metadata.pennywhale.io', port=443): Max retries exceeded with url: /masternode/ (Caused by Nam)",6,0.3%
"True Negative: Dead Domain (HTTPSConnectionPool(host='api.shll.run', port=443): Max retries exceeded with url: /api/metadata/1 (Caused by NameResolu)",6,0.3%
"True Negative: Dead Domain (HTTPSConnectionPool(host='api.bakeryswap.org', port=443): Max retries exceeded with url: /nft/musk-usm-land/ (Caused by )",6,0.3%
"True Negative: Dead Domain (HTTPSConnectionPool(host='api.znsconnect.io', port=443): Max retries exceeded with url: /v1/metadata/56/1 (Caused by Nam)",6,0.3%
"True Negative: Dead Domain (HTTPSConnectionPool(host='fckqnmehuebqmevkicgz.supabase.co', port=443): Max retries exceeded with url: /functions/v1/bad)",6,0.3%
"True Negative: Dead Domain (HTTPSConnectionPool(host='fckqnmehuebqmevkicgz.supabase.co', port=443): Max retries exceeded with url: /functions/v1/nft)",6,0.3%
"True Negative: Dead Domain (HTTPConnectionPool(host='sosalkaprivet2.pages.dev', port=80): Max retries exceeded with url: /nft/collection.json (Cause)",6,0.3%
"True Negative: Dead Domain (HTTPSConnectionPool(host='qweasdzxcf.pages.dev', port=443): Max retries exceeded with url: /nft/metadata.json (Caused by)",6,0.3%
"True Negative: Dead Domain (HTTPSConnectionPool(host='nft.transvoucher.com', port=443): Max retries exceeded with url: /TransVoucherNFT.json (Caused)",6,0.3%
"True Negative: Dead Domain (HTTPSConnectionPool(host='h2o.local', port=443): Max retries exceeded with url: /community-nft-v2/1 (Caused by NameResol)",6,0.3%
"True Negative: Dead Domain (HTTPSConnectionPool(host='h2o.local', port=443): Max retries exceeded with url: /node-nft-v2/1 (Caused by NameResolution)",6,0.3%
"True Negative: Dead Domain (HTTPSConnectionPool(host='metadata.qorpo.world', port=443): Max retries exceeded with url: /cc/lootbox.json (Caused by N)",3,0.15%
"True Negative: Dead Domain (HTTPSConnectionPool(host='cyrusfinance.xyz', port=443): Max retries exceeded with url: /api/nft/position/1 (Caused by Na)",3,0.15%
"True Negative: Dead Domain (HTTPSConnectionPool(host='ipfs.featured.market', port=443): Max retries exceeded with url: /ipfs/QmUybAtJ9JE42pEGzLRuWKe)",3,0.15%
"True Negative: Dead Domain (HTTPSConnectionPool(host='12divinebeasts.art', port=443): Max retries exceeded with url: /nfts-test5/metadata/1.json (Ca)",3,0.15%
"True Negative: Dead Domain (HTTPConnectionPool(host='oss.aimallx.app', port=80): Max retries exceeded with url: /nft/0/contract.json (Caused by Name)",3,0.15%
"True Negative: Dead Domain (HTTPSConnectionPool(host='api.nexiorwa.com', port=443): Max retries exceeded with url: /nftJson/0xFC9b85eC1De9F7987008a7)",3,0.15%
"True Negative: Dead Domain (HTTPSConnectionPool(host='metadata.changeswap.io', port=443): Max retries exceeded with url: /nft/CsgSigma/profiles/1 (C)",3,0.15%
"True Negative: Dead Domain (HTTPSConnectionPool(host='ipfs.featured.market', port=443): Max retries exceeded with url: /ipfs/QmUW7FtWKYN6y1o9Rte3acE)",3,0.15%
"True Negative: Dead Domain (HTTPSConnectionPool(host='metadata.vcgamers.com', port=443): Max retries exceeded with url: /nft/0x7c4590f72d1e154fc60c2)",3,0.15%
"True Negative: Dead Domain (HTTPSConnectionPool(host='nft-api.inceptiongame.fun', port=443): Max retries exceeded with url: /dogeStatues/1 (Caused b)",3,0.15%
"True Negative: Dead Domain (HTTPSConnectionPool(host='hero-api.defina.finance', port=443): Max retries exceeded with url: /cards/1001 (Caused by Nam)",3,0.15%
"True Negative: Dead Domain (HTTPSConnectionPool(host='gateway.irys.xyz', port=443): Max retries exceeded with url: /J1UHpSfVo1NfxaFYFp2PPkoZSiQkECyx)",3,0.15%
"True Negative: Dead Domain (HTTPSConnectionPool(host='data-platform.muaverse.build', port=443): Max retries exceeded with url: /public_api/boarding_)",3,0.15%
"True Negative: Dead Domain (HTTPSConnectionPool(host='nftstorage.link', port=443): Max retries exceeded with url: /ipfs/bafybeia6nrlz74ulpwbe5su5jsx)",3,0.15%
"True Negative: Dead Domain (HTTPSConnectionPool(host='aegis-protocol.io', port=443): Max retries exceeded with url: /agent/alpha (Caused by NameReso)",3,0.15%
"True Negative: Dead Domain (HTTPSConnectionPool(host='ipfs.featured.market', port=443): Max retries exceeded with url: /ipfs/QmP9pHLkQMmGpnp6dHiq7Qn)",3,0.15%
"True Negative: Dead Domain (HTTPSConnectionPool(host='nft.nemogem.com', port=443): Max retries exceeded with url: /1 (Caused by NameResolutionError()",3,0.15%
"True Negative: Dead Domain (HTTPSConnectionPool(host='metadata.mones.io', port=443): Max retries exceeded with url: /heroes/1 (Caused by NameResolut)",3,0.15%
"True Negative: Dead Domain (HTTPSConnectionPool(host='api.invaderz.io', port=443): Max retries exceeded with url: /api/1 (Caused by NameResolutionEr)",3,0.15%
"True Negative: Dead Domain (HTTPSConnectionPool(host='api.fishyfrenzbsc.com', port=443): Max retries exceeded with url: /api/1 (Caused by NameResolu)",3,0.15%
"True Negative: Dead Domain (HTTPSConnectionPool(host='app.heroverse.io', port=443): Max retries exceeded with url: /api/hero-metadata/1 (Caused by N)",3,0.15%
"True Negative: Dead Domain (HTTPSConnectionPool(host='ipfs.featured.market', port=443): Max retries exceeded with url: /ipfs/QmTpxkZdijEEJyHBFSfJaVG)",3,0.15%
True Negative: Skipped host (agora.example),3,0.15%
"True Negative: Dead Domain (HTTPSConnectionPool(host='dayofrights.org', port=443): Max retries exceeded with url: /api/card/json/ (Caused by NameRes)",3,0.15%
"True Negative: Dead Domain (HTTPSConnectionPool(host='api.nexora.io', port=443): Max retries exceeded with url: /metadata/legacy/architect/ (Caused )",3,0.15%
"True Negative: Dead Domain (HTTPSConnectionPool(host='api.nexora.io', port=443): Max retries exceeded with url: /metadata/legacy/sentinel/ (Caused b)",3,0.15%
"True Negative: Dead Domain (HTTPSConnectionPool(host='apimarket.mogwar.com', port=443): Max retries exceeded with url: /monster/ (Caused by NameReso)",3,0.15%
"True Negative: Dead Domain (HTTPSConnectionPool(host='api.nexora.io', port=443): Max retries exceeded with url: /metadata/legacy/ember/ (Caused by N)",3,0.15%
"True Negative: Dead Domain (HTTPSConnectionPool(host='skinny.lat', port=443): Max retries exceeded with url: /metadata/1.json (Caused by NameResolut)",3,0.15%
"True Negative: Dead Domain (HTTPSConnectionPool(host='s3-nswap-base.nswap.com', port=443): Max retries exceeded with url: /metadata/leggi/0 (Caused )",3,0.15%
"True Negative: Dead Domain (HTTPSConnectionPool(host='api.adventepoch.com', port=443): Max retries exceeded with url: /roles/1.json (Caused by NameR)",3,0.15%
"True Negative: Dead Domain (HTTPSConnectionPool(host='beta-api.mar3.ai', port=443): Max retries exceeded with url: /api/metadata/1 (Caused by NameRe)",3,0.15%
"True Negative: Dead Domain (HTTPSConnectionPool(host='apinft.bunnygirlnft.com', port=443): Max retries exceeded with url: /metadata/genesis/1 (Cause)",3,0.15%
"True Negative: Dead Domain (HTTPSConnectionPool(host='reiki.web3go.xyz', port=443): Max retries exceeded with url: /aibot-nft-metadata?id=1& (Caused)",3,0.15%
"True Negative: Dead Domain (HTTPSConnectionPool(host='api.talesofragnarok.io', port=443): Max retries exceeded with url: /v1/meta/avatar/ (Caused by)",3,0.15%
"True Negative: Dead Domain (HTTPSConnectionPool(host='pandababy.link', port=443): Max retries exceeded with url: /metadata/1 (Caused by NameResoluti)",3,0.15%
"True Negative: Dead Domain (HTTPSConnectionPool(host='d5edbn09fjrkm.cloudfront.net', port=443): Max retries exceeded with url: /1 (Caused by NameRes)",3,0.15%
"True Negative: Dead Domain (HTTPSConnectionPool(host='metadata.apemove.io', port=443): Max retries exceeded with url: /0x0F895e307b250d9D2a4b6D448EE)",3,0.15%
"True Negative: Dead Domain (HTTPSConnectionPool(host='getmint.io', port=443): Max retries exceeded with url: /api/nft/hyperlane/1/metadata (Caused b)",3,0.15%
"True Negative: Dead Domain (HTTPSConnectionPool(host='cryptoultraman.com', port=443): Max retries exceeded with url: / (Caused by NameResolutionErro)",3,0.15%
"True Negative: Dead Domain (HTTPSConnectionPool(host='resource.gamefox.io', port=443): Max retries exceeded with url: /logo/meta-nft-classic.png (Ca)",3,0.15%
"True Negative: Dead Domain (HTTPSConnectionPool(host='beta-api.mar3.ai', port=443): Max retries exceeded with url: /api/metadata/mar3Image/1 (Caused)",3,0.15%
"True Negative: Dead Domain (HTTPSConnectionPool(host='hryct7akg3.execute-api.us-east-1.amazonaws.com', port=443): Max retries exceeded with url: /ch)",3,0.15%
"True Negative: Dead Domain (HTTPSConnectionPool(host='metadata.doge6packs.com', port=443): Max retries exceeded with url: / (Caused by NameResolutio)",3,0.15%
"True Negative: Dead Domain (HTTPSConnectionPool(host='bafybeidmovy2n5volpir3yr5c7qnhr5inxhzles4qldlih2lqlesncf7dy.ipfs.nftstorage.link', port=443): )",3,0.15%
"True Negative: Dead Domain (HTTPSConnectionPool(host='app.boxring.io', port=443): Max retries exceeded with url: /json/ (Caused by NameResolutionErr)",3,0.15%
"True Negative: Dead Domain (HTTPSConnectionPool(host='metadata.pennywhale.io', port=443): Max retries exceeded with url: /mineowner/1 (Caused by Nam)",3,0.15%
"True Negative: Dead Domain (HTTPSConnectionPool(host='nft.9cc1.io', port=443): Max retries exceeded with url: /dnd.json?t=1 (Caused by NameResolutio)",3,0.15%
"True Negative: Dead Domain (HTTPSConnectionPool(host='api.cryptoblades.io', port=443): Max retries exceeded with url: /nfts/view/bnb/cb-shield/ (Cau)",3,0.15%
"True Negative: Dead Domain (HTTPSConnectionPool(host='api.lulumart.xyz', port=443): Max retries exceeded with url: /series/10871215192/token/ (Cause)",3,0.15%
"True Negative: Dead Domain (HTTPSConnectionPool(host='gateway.lighthouse.storage', port=443): Max retries exceeded with url: /ipfs/bafkreicowjen27ra)",3,0.15%
True Negative: Skipped host (api.triplec.example),3,0.15%
True Negative: Skipped host (api.node.com),3,0.15%
"True Negative: Dead Domain (HTTPSConnectionPool(host='api.tinyworlds.io', port=443): Max retries exceeded with url: /metadata/0000000000000000000000)",3,0.15%
"True Negative: Dead Domain (HTTPSConnectionPool(host='resource.metastrike.io', port=443): Max retries exceeded with url: /mts/1 (Caused by NameResol)",3,0.15%
"True Negative: Dead Domain (HTTPSConnectionPool(host='img.momoworld.io', port=443): Max retries exceeded with url: /mini_avatar_ori_ (Caused by Name)",3,0.15%
"True Negative: Dead Domain (HTTPSConnectionPool(host='api.lulumart.xyz', port=443): Max retries exceeded with url: /series/21320385102/token/ (Cause)",3,0.15%
"True Negative: Dead Domain (HTTPSConnectionPool(host='api.lulumart.xyz', port=443): Max retries exceeded with url: /series/21320385101/token/ (Cause)",3,0.15%
"True Negative: Dead Domain (HTTPSConnectionPool(host='api.hodlmeme.io', port=443): Max retries exceeded with url: /ob-nft/1 (Caused by NameResolutio)",3,0.15%
"True Negative: Dead Domain (HTTPSConnectionPool(host='nft.lacucina.io', port=443): Max retries exceeded with url: /taliens/56/metadata/ (Caused by N)",3,0.15%
"True Negative: Dead Domain (HTTPSConnectionPool(host='satoshitcoin.com', port=443): Max retries exceeded with url: /nfts/000000000000000000000000000)",3,0.15%
"True Negative: Dead Domain (HTTPSConnectionPool(host='api-bsc.binemon.io', port=443): Max retries exceeded with url: /api/gems/metadata/1 (Caused by)",3,0.15%
"True Negative: Dead Domain (HTTPSConnectionPool(host='nft.bnbaigo.com', port=443): Max retries exceeded with url: /tokens/1.json (Caused by NameReso)",3,0.15%
"True Negative: Dead Domain (HTTPSConnectionPool(host='meta.defihorse.com', port=443): Max retries exceeded with url: /1 (Caused by NameResolutionErr)",3,0.15%
"True Negative: Dead Domain (HTTPSConnectionPool(host='game2.summonersarena.io', port=443): Max retries exceeded with url: /hero/v1/stat/nft1 (Caused)",3,0.15%
"True Negative: Dead Domain (HTTPSConnectionPool(host='metadata.qorpo.world', port=443): Max retries exceeded with url: /contract/aneemate.json (Caus)",3,0.15%
"True Negative: Dead Domain (HTTPSConnectionPool(host='sprdapp.19ceshi.com', port=443): Max retries exceeded with url: /00000000000000000000000000000)",3,0.15%
"True Negative: Dead Domain (HTTPSConnectionPool(host='server.myth.art', port=443): Max retries exceeded with url: /contract (Caused by NameResolutio)",3,0.15%
"True Negative: Dead Domain (HTTPSConnectionPool(host='www.squidworld.link', port=443): Max retries exceeded with url: /heroes/ (Caused by NameResolu)",3,0.15%
"True Negative: Dead Domain (HTTPSConnectionPool(host='gateway.lighthouse.storage', port=443): Max retries exceeded with url: /ipfs/bafybeihi3zea4mnm)",3,0.15%
"True Negative: Dead Domain (HTTPSConnectionPool(host='nft.bscsimp.com', port=443): Max retries exceeded with url: /tokens/1.json (Caused by NameReso)",3,0.15%
"True Negative: Dead Domain (HTTPSConnectionPool(host='panel.digxe.com', port=443): Max retries exceeded with url: /uploads/nft-1774123687342-prqji0g)",3,0.15%
"True Negative: Dead Domain (HTTPSConnectionPool(host='metadata.pokvault.xyz', port=443): Max retries exceeded with url: / (Caused by NameResolutionE)",3,0.15%
"True Negative: Dead Domain (HTTPSConnectionPool(host='maker.xnova.network', port=443): Max retries exceeded with url: /uploads/nft-1774045058882-nxy)",3,0.15%
"True Negative: Dead Domain (HTTPSConnectionPool(host='test.aster-club.com', port=443): Max retries exceeded with url: /nftimg/0 (Caused by NameResol)",3,0.15%
"True Negative: Dead Domain (HTTPSConnectionPool(host='www.workwars.games', port=443): Max retries exceeded with url: /api/nft/metadata/1 (Caused by )",3,0.15%
"True Negative: Dead Domain (HTTPSConnectionPool(host='api.nby.network', port=443): Max retries exceeded with url: /nft/dividend/1 (Caused by NameRes)",3,0.15%
"True Negative: Dead Domain (HTTPSConnectionPool(host='api.laf.network', port=443): Max retries exceeded with url: /nft/1 (Caused by NameResolutionEr)",3,0.15%
"True Negative: Dead Domain (HTTPSConnectionPool(host='btrgtrhbyjuyj.xyz', port=443): Max retries exceeded with url: /boneshibc.json (Caused by NameR)",3,0.15%
"True Negative: Dead Domain (HTTPSConnectionPool(host='api.nftfeed.guru', port=443): Max retries exceeded with url: /api/public/metadata/56/0xc4a2772)",3,0.15%
"True Negative: Dead Domain (HTTPSConnectionPool(host='myplenit.org', port=443): Max retries exceeded with url: /imgNft/TM8R7QRP1ZK.png (Caused by Na)",3,0.15%
"True Negative: Dead Domain (HTTPSConnectionPool(host='api.superstep.org', port=443): Max retries exceeded with url: /api/nft/shoe/1 (Caused by NameR)",3,0.15%
"True Negative: Dead Domain (HTTPSConnectionPool(host='api.apeswap.finance', port=443): Max retries exceeded with url: /bab-nft/1 (Caused by NameReso)",3,0.15%
"True Negative: Dead Domain (HTTPSConnectionPool(host='metadata.qorpo.world', port=443): Max retries exceeded with url: /contract/aneemate-genesis.js)",3,0.15%
"True Negative: Dead Domain (HTTPSConnectionPool(host='images.poopies.io', port=443): Max retries exceeded with url: /metadata/ (Caused by NameResolu)",3,0.15%
"True Negative: Dead Domain (HTTPSConnectionPool(host='api.commonwealth4.com', port=443): Max retries exceeded with url: /pregame-nft/1 (Caused by Na)",3,0.15%
"True Negative: Dead Domain (HTTPSConnectionPool(host='tcg.blockczech.io', port=443): Max retries exceeded with url: /items/2/ (Caused by NameResolut)",3,0.15%
"True Negative: Dead Domain (HTTPSConnectionPool(host='server.babyswap.io', port=443): Max retries exceeded with url: /api/queryTokenJson/ (Caused by)",3,0.15%
"True Negative: Dead Domain (HTTPSConnectionPool(host='pixel-genetics.com', port=443): Max retries exceeded with url: /api/egg/1 (Caused by NameResol)",3,0.15%
"True Negative: Dead Domain (HTTPSConnectionPool(host='daronft.bitbat.io', port=443): Max retries exceeded with url: /node/1 (Caused by NameResolutio)",3,0.15%
"True Negative: Dead Domain (HTTPSConnectionPool(host='ipfs.4everland.io', port=443): Max retries exceeded with url: /ipfs/bafybeiasxgajqq3ef377fumun)",3,0.15%
"True Negative: Dead Domain (HTTPSConnectionPool(host='ipfs.4everland.io', port=443): Max retries exceeded with url: /ipfs/QmU1A8Q9fyCbmVbx4kZ2Kcx1TF)",3,0.15%
"True Negative: Dead Domain (HTTPSConnectionPool(host='bluca-api.bluca.io', port=443): Max retries exceeded with url: /public/api/blucamon/1 (Caused )",3,0.15%
"True Negative: Dead Domain (HTTPSConnectionPool(host='nftslands.landian.io', port=443): Max retries exceeded with url: /api/1 (Caused by NameResolut)",3,0.15%
"True Negative: Dead Domain (HTTPSConnectionPool(host='ipfs.4everland.io', port=443): Max retries exceeded with url: /ipfs/bafybeieyrjawwyvufu23waex6)",3,0.15%
"True Negative: Dead Domain (HTTPSConnectionPool(host='grinchbonknft.com', port=443): Max retries exceeded with url: /nft/1 (Caused by NameResolution)",3,0.15%
"True Negative: Dead Domain (HTTPSConnectionPool(host='assets.znsconnect.io', port=443): Max retries exceeded with url: /giftCardMetadata.json (Cause)",3,0.15%
"True Negative: Dead Domain (HTTPSConnectionPool(host='api.angrybirdinu.com', port=443): Max retries exceeded with url: /api/v1/public/nft/0x25b6A5a7)",3,0.15%
"True Negative: Dead Domain (HTTPSConnectionPool(host='api.bloco.exchange', port=443): Max retries exceeded with url: /contractURI?blockchain=BSC (Ca)",3,0.15%
"True Negative: Dead Domain (HTTPSConnectionPool(host='meta.space-pi.com', port=443): Max retries exceeded with url: / (Caused by NameResolutionError)",3,0.15%
"True Negative: Dead Domain (HTTPSConnectionPool(host='bafybeiay5vhliay2fsmclxpf6oq4mo53mdh6tyl4gi6bq2mbrfowkt2vom.ipfs.nftstorage.link', port=443): )",3,0.15%
"True Negative: Dead Domain (HTTPSConnectionPool(host='bafybeidtnb5th6rukwemsavwdqvfvyv4rrxjtzdb3jhfjhzrebckh2n5wy.ipfs.nftstorage.link', port=443): )",3,0.15%
"True Negative: Dead Domain (HTTPSConnectionPool(host='api-v2.apeswap.finance', port=443): Max retries exceeded with url: /bills/%5Bobject%20Object%5)",3,0.15%
"True Negative: Dead Domain (HTTPSConnectionPool(host='metadata.esfi.io', port=443): Max retries exceeded with url: /era7/token/1 (Caused by NameReso)",3,0.15%
"True Negative: Dead Domain (HTTPSConnectionPool(host='app.ttk.gg', port=443): Max retries exceeded with url: /heroes/o/1 (Caused by NameResolutionEr)",3,0.15%
"True Negative: Dead Domain (HTTPSConnectionPool(host='ipfsgw.nftplayer.io', port=443): Max retries exceeded with url: /ipfs/QmTo6CcKr2UuWrhT5E7sKCRQ)",3,0.15%
"True Negative: Dead Domain (HTTPSConnectionPool(host='metadata.vcgamers.com', port=443): Max retries exceeded with url: /nft/0xaf10c7233e84925898bcf)",3,0.15%
"True Negative: Dead Domain (HTTPSConnectionPool(host='hexanftpools.com', port=443): Max retries exceeded with url: /metadata/ (Caused by NameResolut)",3,0.15%
"True Negative: Dead Domain (HTTPSConnectionPool(host='metadata.trustdomains.org', port=443): Max retries exceeded with url: /metadata/ (Caused by Na)",3,0.15%
"True Negative: Dead Domain (HTTPSConnectionPool(host='footer.infinitygamesnft.com', port=443): Max retries exceeded with url: /nfts/1 (Caused by Nam)",3,0.15%
"True Negative: Dead Domain (HTTPSConnectionPool(host='nft.kine.vc', port=443): Max retries exceeded with url: /metadata/0000000000000000000000000000)",3,0.15%
"True Negative: Dead Domain (HTTPSConnectionPool(host='makecard.yhaa.cn', port=443): Max retries exceeded with url: /1.png (Caused by NameResolutionE)",3,0.15%
"True Negative: Dead Domain (HTTPSConnectionPool(host='panel.digxe.com', port=443): Max retries exceeded with url: /uploads/nft-1762475636068-ehldcxi)",3,0.15%
True Negative: Skipped host (nothing.mock1),3,0.15%
"True Negative: Dead Domain (HTTPSConnectionPool(host='stage189394753895.candao.io', port=443): Max retries exceeded with url: /api/rwa/metadata?ref=)",3,0.15%
"True Negative: Dead Domain (HTTPSConnectionPool(host='nft.apps.cadinu.io', port=443): Max retries exceeded with url: /v3/56/1 (Caused by NameResolut)",3,0.15%
"True Negative: Dead Domain (HTTPSConnectionPool(host='nft.pikainfinity.com', port=443): Max retries exceeded with url: /land/ (Caused by NameResolut)",3,0.15%
"True Negative: Dead Domain (HTTPSConnectionPool(host='jojo.fun', port=443): Max retries exceeded with url: /nftlib/bounty/ (Caused by NameResolution)",3,0.15%
"True Negative: Dead Domain (HTTPSConnectionPool(host='icastle.io', port=443): Max retries exceeded with url: /nft/coupon/1.json (Caused by NameResol)",3,0.15%
"True Negative: Dead Domain (HTTPSConnectionPool(host='tokens.cukies.world', port=443): Max retries exceeded with url: /token/ (Caused by NameResolut)",3,0.15%
"True Negative: Dead Domain (HTTPSConnectionPool(host='nft.agoraweb3', port=443): Max retries exceeded with url: /agora.json (Caused by NameResolutio)",3,0.15%
"True Negative: Dead Domain (HTTPSConnectionPool(host='muyucoint.com', port=443): Max retries exceeded with url: /nft-cert/af6806b4-ee48-4602-87f2-0b)",3,0.15%
"True Negative: Dead Domain (HTTPSConnectionPool(host='muyucoint.com', port=443): Max retries exceeded with url: /nft-cert/9c919ed5-420d-4067-affe-ec)",3,0.15%
"True Negative: Dead Domain (HTTPSConnectionPool(host='data.metanetint.xyz', port=443): Max retries exceeded with url: /json/1.json (Caused by NameRe)",3,0.15%
"True Negative: Dead Domain (HTTPSConnectionPool(host='ipfs.featured.market', port=443): Max retries exceeded with url: /ipfs/QmWxSzyB7SGBh6F8A8jkaTU)",3,0.15%
"True Negative: Dead Domain (HTTPSConnectionPool(host='api.bakeryswap.org', port=443): Max retries exceeded with url: /nft/bake-musk-mixer/ (Caused b)",3,0.15%
"True Negative: Dead Domain (HTTPSConnectionPool(host='api.cryptoblades.io', port=443): Max retries exceeded with url: /nfts/view/bnb/cb-character/ ()",3,0.15%
"True Negative: Dead Domain (HTTPSConnectionPool(host='gateway.lighthouse.storage', port=443): Max retries exceeded with url: /ipfs/bafybeihqlqasqeny)",3,0.15%
"True Negative: Dead Domain (HTTPSConnectionPool(host='bafybeicrwqynallc4owk2jg547ajnh3y2ggu2orvvhofpknpp26uszkutq.ipfs.w3s.link', port=443): Max ret)",3,0.15%
"True Negative: Dead Domain (HTTPSConnectionPool(host='tokens.credefi.io', port=443): Max retries exceeded with url: /metadata/p2p-v1/56/xcredi (Caus)",3,0.15%
"True Negative: Dead Domain (HTTPSConnectionPool(host='tokens.credefi.io', port=443): Max retries exceeded with url: /metadata/p2p-v1/56/credi (Cause)",3,0.15%
"True Negative: Dead Domain (HTTPSConnectionPool(host='api.icw.gift', port=443): Max retries exceeded with url: /metadata/0000030000000002.json (Caus)",3,0.15%
"True Negative: Dead Domain (HTTPSConnectionPool(host='oeai.asia', port=443): Max retries exceeded with url: /nft/1.png (Caused by NameResolutionErro)",3,0.15%
"True Negative: Dead Domain (HTTPSConnectionPool(host='earncoins.ai', port=443): Max retries exceeded with url: /metadata/1 (Caused by NameResolution)",3,0.15%
"True Negative: Dead Domain (HTTPSConnectionPool(host='bsc-cw.com', port=443): Max retries exceeded with url: /nft/0.json (Caused by NameResolutionEr)",3,0.15%
"True Negative: Dead Domain (HTTPSConnectionPool(host='babydogenfts.top', port=443): Max retries exceeded with url: /0.json (Caused by NameResolution)",3,0.15%
True Negative: Skipped host (cdn.example.com),3,0.15%
"True Negative: Dead Domain (HTTPSConnectionPool(host='api.lotstack.app1', port=443): Max retries exceeded with url: /1 (Caused by NameResolutionErro)",3,0.15%
"True Negative: Dead Domain (HTTPSConnectionPool(host='chickly.io', port=443): Max retries exceeded with url: /metadata/1.json (Caused by NameResolut)",3,0.15%
"True Negative: Dead Domain (HTTPSConnectionPool(host='api.brixelwar.com', port=443): Max retries exceeded with url: /bxie/1 (Caused by NameResolutio)",3,0.15%
"True Negative: Dead Domain (HTTPSConnectionPool(host='app.bnfy.finance', port=443): Max retries exceeded with url: /hashmask/ (Caused by NameResolut)",3,0.15%
"True Negative: Dead Domain (HTTPSConnectionPool(host='myusdc.org', port=443): Max retries exceeded with url: /meta.json (Caused by NameResolutionErr)",3,0.15%
"True Negative: Dead Domain (HTTPSConnectionPool(host='expanium.io', port=443): Max retries exceeded with url: /nft/metadata/1.json (Caused by NameRe)",3,0.15%
"True Negative: Dead Domain (HTTPSConnectionPool(host='static.goweb3.org', port=443): Max retries exceeded with url: /nft/gid/id.png?n= (Caused by Na)",3,0.15%
"True Negative: Dead Domain (HTTPSConnectionPool(host='nft.zedscan.net', port=443): Max retries exceeded with url: /v3/1 (Caused by NameResolutionErr)",3,0.15%
"True Negative: Dead Domain (HTTPSConnectionPool(host='bafybeic7jw7bcf4f5orp6prpur5t3fcf6xhcj7bcp2fk6t3rq6ezsm3rt4.ipfs.nftstorage.link', port=443): )",3,0.15%
"True Negative: Dead Domain (HTTPSConnectionPool(host='api.pyramid-explorer.app', port=443): Max retries exceeded with url: /token/1 (Caused by NameR)",3,0.15%
"True Negative: Dead Domain (HTTPConnectionPool(host='jojo.fun', port=80): Max retries exceeded with url: /nftlib/childjojo/ (Caused by NameResolutio)",3,0.15%
"True Negative: Dead Domain (HTTPSConnectionPool(host='jojo.fun', port=443): Max retries exceeded with url: /nftlib/jojo/ (Caused by NameResolutionEr)",3,0.15%
"True Negative: Dead Domain (HTTPSConnectionPool(host='ipfs.moniwar.io', port=443): Max retries exceeded with url: /nft/1 (Caused by NameResolutionEr)",3,0.15%
"True Negative: Dead Domain (HTTPSConnectionPool(host='www.lilbulls.info', port=443): Max retries exceeded with url: /api/ (Caused by NameResolutionE)",3,0.15%
"True Negative: Dead Domain (HTTPSConnectionPool(host='nftstorage.link', port=443): Max retries exceeded with url: /ipfs/bafybeiajk4k2xtpxjwwj57kvsrq)",3,0.15%
"True Negative: Dead Domain (HTTPSConnectionPool(host='ipfs.featured.market', port=443): Max retries exceeded with url: /ipfs/QmWXexF9QppmaFFr1esyF38)",3,0.15%
"True Negative: Dead Domain (HTTPSConnectionPool(host='nft.metapass.global', port=443): Max retries exceeded with url: /nft/metadata/ (Caused by Name)",3,0.15%
"True Negative: Dead Domain (HTTPSConnectionPool(host='cdn.hashland.com', port=443): Max retries exceeded with url: /nft/metadatas/hashland-nft- (Cau)",3,0.15%
"True Negative: Dead Domain (HTTPSConnectionPool(host='api.servicenft.io', port=443): Max retries exceeded with url: /market/api/bsc-mainnet/nft-hero)",3,0.15%
"True Negative: Dead Domain (HTTPSConnectionPool(host='boings.ai', port=443): Max retries exceeded with url: /metadata/boing-king-placeholder/ (Cause)",3,0.15%
"True Negative: Dead Domain (HTTPSConnectionPool(host='ipfs.popsocial.io', port=443): Max retries exceeded with url: /popbit/json/ (Caused by NameRes)",3,0.15%
"True Negative: Dead Domain (HTTPSConnectionPool(host='api2.bunicorn.game', port=443): Max retries exceeded with url: /api/nft-bsc/public/nfts/0x7CDb)",3,0.15%
"True Negative: Dead Domain (HTTPSConnectionPool(host='meta.burgercities.org', port=443): Max retries exceeded with url: /clothing/1.json (Caused by )",3,0.15%
"True Negative: Dead Domain (HTTPSConnectionPool(host='nft.babyswap.shop', port=443): Max retries exceeded with url: / (Caused by NameResolutionError)",3,0.15%
"True Negative: Dead Domain (HTTPSConnectionPool(host='twtreward.com', port=443): Max retries exceeded with url: /meta.json (Caused by NameResolution)",3,0.15%
"True Negative: Dead Domain (HTTPSConnectionPool(host='nexusndao.com', port=443): Max retries exceeded with url: /nft.php?i= (Caused by NameResolutio)",3,0.15%
"True Negative: Dead Domain (HTTPSConnectionPool(host='metaswap.cx', port=443): Max retries exceeded with url: /ipfs/QmS2BFNQu2SZBP9egQQ3amRGVhSy6bqS)",3,0.15%
"True Negative: Dead Domain (HTTPSConnectionPool(host='earncoins.ai', port=443): Max retries exceeded with url: /metadata/v3/1/0 (Caused by NameResol)",3,0.15%
"True Negative: Dead Domain (HTTPSConnectionPool(host='ffinft.vip', port=443): Max retries exceeded with url: /nft/1 (Caused by NameResolutionError("")",3,0.15%
"True Negative: Dead Domain (HTTPSConnectionPool(host='api.dogbattle.game', port=443): Max retries exceeded with url: /metadata/skill/40.json (Caused)",3,0.15%
"True Negative: Dead Domain (HTTPSConnectionPool(host='api.dogbattle.game', port=443): Max retries exceeded with url: /metadata/weapon/13.json (Cause)",3,0.15%
"True Negative: Dead Domain (HTTPSConnectionPool(host='api.cryptoblades.io', port=443): Max retries exceeded with url: /nfts/view/bnb/cb-weapon/ (Cau)",3,0.15%
"True Negative: Dead Domain (HTTPSConnectionPool(host='api.dogbattle.game', port=443): Max retries exceeded with url: /metadata/skill/10.json (Caused)",3,0.15%
"True Negative: Dead Domain (HTTPSConnectionPool(host='api.dogbattle.game', port=443): Max retries exceeded with url: /metadata/weapon/5.json (Caused)",3,0.15%
"True Negative: Dead Domain (HTTPSConnectionPool(host='www.gooodfellasnft.com', port=443): Max retries exceeded with url: /api/meta/1 (Caused by Name)",3,0.15%
"True Negative: Dead Domain (HTTPSConnectionPool(host='nft.monsters.town', port=443): Max retries exceeded with url: /ninky-tomo/1 (Caused by NameRes)",3,0.15%
"True Negative: Dead Domain (HTTPSConnectionPool(host='api.tinyworlds.io', port=443): Max retries exceeded with url: /metadata/ticket/ (Caused by Nam)",3,0.15%
"True Negative: Dead Domain (HTTPSConnectionPool(host='naturev5.com', port=443): Max retries exceeded with url: /file/v5.gif (Caused by NameResolutio)",3,0.15%
"True Negative: Dead Domain (HTTPSConnectionPool(host='animedexon.pages.dev', port=443): Max retries exceeded with url: /nft/collection.json (Caused )",3,0.15%
"True Negative: Dead Domain (HTTPSConnectionPool(host='arma-dex.pages.dev', port=443): Max retries exceeded with url: /nft/collection.json (Caused by)",3,0.15%
"True Negative: Dead Domain (HTTPSConnectionPool(host='api.meshwallet.io', port=443): Max retries exceeded with url: /license/metadata/1 (Caused by N)",3,0.15%
"True Negative: Dead Domain (HTTPSConnectionPool(host='noshibagain.pages.dev', port=443): Max retries exceeded with url: /nft/collection.json (Caused)",3,0.15%
"True Negative: Dead Domain (HTTPSConnectionPool(host='sosalka-privet.pages.dev', port=443): Max retries exceeded with url: /nft/collection.json (Cau)",3,0.15%
"True Negative: Dead Domain (HTTPSConnectionPool(host='adminlz.h6qz22.xyz', port=443): Max retries exceeded with url: /api/index/nftinfo/1 (Caused by)",3,0.15%
"True Negative: Dead Domain (HTTPSConnectionPool(host='xyisosnya.pages.dev', port=443): Max retries exceeded with url: /metadata.json (Caused by Name)",3,0.15%
"True Negative: Dead Domain (HTTPSConnectionPool(host='evmqweasd.pages.dev', port=443): Max retries exceeded with url: /metadata.json (Caused by Name)",3,0.15%
"True Negative: Dead Domain (HTTPSConnectionPool(host='api.balmy.xyz', port=443): Max retries exceeded with url: /v2/dca/metadata/56-0xa5adc5484f9997)",3,0.15%
"True Negative: Dead Domain (HTTPSConnectionPool(host='icastle.io', port=443): Max retries exceeded with url: /nft/coupon/000000000000000000000000000)",3,0.15%
"True Negative: Dead Domain (HTTPSConnectionPool(host='gateway.lighthouse.storage', port=443): Max retries exceeded with url: /ipfs/bafkreicgcjatecv6)",3,0.15%
"True Negative: Dead Domain (HTTPSConnectionPool(host='api.bakeryswap.org', port=443): Max retries exceeded with url: /nft/matrix-plus-box/ (Caused b)",3,0.15%
"True Negative: Dead Domain (HTTPSConnectionPool(host='api.bscscratch.com', port=443): Max retries exceeded with url: /nft//1.json (Caused by NameRes)",3,0.15%
"True Negative: Dead Domain (HTTPSConnectionPool(host='api.securescratch.com', port=443): Max retries exceeded with url: /nft/v3//1.json (Caused by N)",3,0.15%
"True Negative: Dead Domain (HTTPSConnectionPool(host='api2.bunicorn.game', port=443): Max retries exceeded with url: /api/trainers/public/metadata/1)",3,0.15%
"True Negative: Dead Domain (HTTPSConnectionPool(host='accessifi.io', port=443): Max retries exceeded with url: /saft/1 (Caused by NameResolutionErro)",3,0.15%
"True Negative: Dead Domain (HTTPSConnectionPool(host='assets.landian.io', port=443): Max retries exceeded with url: /api/v1/asset/ (Caused by NameRe)",3,0.15%
"True Negative: Dead Domain (HTTPConnectionPool(host='farm.pjdemo.online', port=80): Max retries exceeded with url: /files/combos/combo-1-1.json (Cau)",3,0.15%
"True Negative: Dead Domain (HTTPSConnectionPool(host='cdn.hello.one', port=443): Max retries exceeded with url: /trade/1 (Caused by NameResolutionEr)",3,0.15%
"True Negative: Dead Domain (HTTPSConnectionPool(host='id-nft.robinfi.com', port=443): Max retries exceeded with url: /1 (Caused by NameResolutionErr)",3,0.15%
"True Negative: Dead Domain (HTTPSConnectionPool(host='api.movecash.io', port=443): Max retries exceeded with url: /nft/metadata/0x0676cC19f7412b9172)",3,0.15%
"True Negative: Dead Domain (HTTPSConnectionPool(host='api.xnft.io', port=443): Max retries exceeded with url: /metadata/ (Caused by NameResolutionEr)",3,0.15%
"True Negative: Dead Domain (HTTPSConnectionPool(host='www.nichedao.com', port=443): Max retries exceeded with url: /nft/1.json (Caused by NameResolu)",3,0.15%
"True Negative: Dead Domain (HTTPSConnectionPool(host='divinelynft.xyz', port=443): Max retries exceeded with url: /nftV2/json/ (Caused by NameResolu)",3,0.15%
"True Negative: Dead Domain (HTTPSConnectionPool(host='divinelynft.xyz', port=443): Max retries exceeded with url: /nft/json/ (Caused by NameResoluti)",3,0.15%
"True Negative: Dead Domain (HTTPSConnectionPool(host='api.umi.io', port=443): Max retries exceeded with url: /nft/gold/ (Caused by NameResolutionErr)",3,0.15%
"True Negative: Dead Domain (HTTPSConnectionPool(host='w3s.link', port=443): Max retries exceeded with url: /ipfs/bafkreifoup3t6upux2aqipxainjfmtnp7d)",3,0.15%
"True Negative: Dead Domain (HTTPSConnectionPool(host='tubaobaoapi.codexfield.hk', port=443): Max retries exceeded with url: /api/nft/contract-metada)",3,0.15%
"True Negative: Dead Domain (HTTPSConnectionPool(host='office.werevana.com', port=443): Max retries exceeded with url: / (Caused by NameResolutionErr)",3,0.15%
"True Negative: Dead Domain (HTTPSConnectionPool(host='bafybeicbclksmq5r4v3m5kymm2exa42klbfwpxhfkzf5zhdndjxtsf6nmu.ipfs.w3s.link1.json', port=443): M)",3,0.15%
"True Negative: Dead Domain (HTTPSConnectionPool(host='nft.poolz.finance', port=443): Max retries exceeded with url: /metadata/56/ (Caused by NameRes)",3,0.15%
"True Negative: Dead Domain (HTTPSConnectionPool(host='api.apeswap.finance', port=443): Max retries exceeded with url: /bills/bsc/0xB75BE16984A27d302)",3,0.15%
"True Negative: Dead Domain (HTTPSConnectionPool(host='metadata.novachain.net', port=443): Max retries exceeded with url: /v1/novachain/ (Caused by N)",3,0.15%
"True Negative: Dead Domain (HTTPSConnectionPool(host='some-greenfield-uri', port=443): Max retries exceeded with url: / (Caused by NameResolutionErr)",3,0.15%
"True Negative: Dead Domain (HTTPSConnectionPool(host='alienworlds.mypinata.cloud', port=443): Max retries exceeded with url: /ipfs/ (Caused by NameR)",3,0.15%
"True Negative: Dead Domain (HTTPSConnectionPool(host='cyrus.finance', port=443): Max retries exceeded with url: /api/nft/position/1 (Caused by NameR)",3,0.15%
"True Negative: Dead Domain (HTTPSConnectionPool(host='prop-nft.robinfi.com', port=443): Max retries exceeded with url: /1 (Caused by NameResolutionE)",3,0.15%
"True Negative: Dead Domain (HTTPSConnectionPool(host='nft.mgocoin.id', port=443): Max retries exceeded with url: /metadata/1.json (Caused by NameRes)",3,0.15%
"True Negative: Dead Domain (HTTPSConnectionPool(host='nft.transvoucher.com', port=443): Max retries exceeded with url: /nfts/019a9149-9001-71ea-b8fc)",3,0.15%
"True Negative: Dead Domain (HTTPSConnectionPool(host='nft.mindnetwork.xyz', port=443): Max retries exceeded with url: /bnb/0xb080B94052f039eC2CA8BBa)",3,0.15%
"True Negative: Dead Domain (HTTPSConnectionPool(host='transvoucher.com', port=443): Max retries exceeded with url: /nfts/01996347-12bc-7323-8995-c22)",3,0.15%
"True Negative: Dead Domain (HTTPSConnectionPool(host='nft.mgocoin.id', port=443): Max retries exceeded with url: /v2/metadata/1.json (Caused by Name)",3,0.15%
"True Negative: Dead Domain (HTTPSConnectionPool(host='api.votre-plateforme.com', port=443): Max retries exceeded with url: /formations/metadata/deco)",2,0.1%
"True Negative: Dead Domain (HTTPSConnectionPool(host='pepemon.finance', port=443): Max retries exceeded with url: /api/pepemon-erc1155 (Caused by Na)",2,0.1%
"True Negative: Dead Domain (HTTPSConnectionPool(host='media.attarius.com', port=443): Max retries exceeded with url: /nft/collar-nft-metadata.json ()",2,0.1%
"True Negative: Dead Domain (HTTPSConnectionPool(host='assets.thedebtbox.com', port=443): Max retries exceeded with url: /nfts/blox/collection/metada)",2,0.1%
"True Negative: Dead Domain (HTTPSConnectionPool(host='api.orbsgigant.io', port=443): Max retries exceeded with url: /nft/v2/news/json/ (Caused by Na)",2,0.1%
"True Negative: Dead Domain (HTTPSConnectionPool(host='api.shll.run', port=443): Max retries exceeded with url: /api/metadata/0 (Caused by NameResolu)",1,0.05%
"True Negative: Dead Domain (HTTPSConnectionPool(host='teadao.infura-ipfs.io', port=443): Max retries exceeded with url: /ipfs/QmWymi35g1KPxXcHkK8ifS)",1,0.05%
